- year: 2018 - 2019
  teams:
  - name: Executive team
    people:
    - name:  David Ansermino
      role:  President
      email: president@cssu.ca
      pic:   20172018/david

    - name:  Calvin Luo
      role:  Vice President

    - name:  Taylor Stinson
      role:  Treasurer

    - name:  Ignas Panero Armoska
      role: Director of Social Events
      pic:   20182019/ignas

    - name:  Asic Qian Chen
      role:  Director of Academic Events

    - name: Lisa Guo
      role: Director of Internal Communications
      pic:   20172018/lisa

  - name: General Council
    people:
    - name:  You!
      role: General Council Applications are Open Now

- year: 2017 - 2018
  teams:
  - name: Executive team
    people:
    - name:  David Ansermino
      role:  President
      email: president@cssu.ca
      pic:   20172018/david

    - name:  Cheryl Lao
      role:  Vice President
      pic:   20172018/cheryl

    - name:  Haider Nadeem
      role:  Treasurer
      pic:   20172018/haider

  - name: General Council
    people:
    - name:  Aleksa Zatezalo
      pic:   20172018/aleksa

    - name:  Daniel Chen

    - name:  Ignas Panero Armoska
      pic:   20172018/ignas

    - name:  Jevin Sidhu
      pic:   20172018/jevin

    - name:  Justine Chen

    - name:  Lana El Sanyoura
      pic:   20172018/lana

    - name:  Lisa Guo
      pic:   20172018/lisa

    - name:  Nicole Alli
      pic:   20172018/nicole

    - name:  Sonata Katt
      pic:   20172018/sonata

    - name:  Farzan Haq
      role:  Webmaster
      pic:   20172018/farzan

- year: 2016 - 2017
  teams:
  - name: Executive team
    people:
    - name:  Hanchen Wang
      role:  President
      email: president@cssu.ca
      pic:   20162017/hanchen

    - name:  Emily Choy
      role:  Vice President
      pic:   20162017/emily

    - name:  Adam Gordon
      role:  Treasurer
      email: ag@adamgordon.ca
      pic:   20162017/adam

  - name: Web Design & Development
    people:
      - name: Eugene Cheung
        role: Web Design & Development Team Lead
        pic:  20162017/eugene

      - name: Abrar Hussain
        pic:  20162017/abrar

      - name: Allan Chang
        pic:  20162017/allan

      - name: Helen Su
        pic:  20162017/helen

  - name: Logistics & Volunteering
    people:
      - name: Christina Chen
        role: Logistics & Volunteering Team Lead
        pic:  20162017/christina

      - name: Michael Liu
        role: Logistics & Volunteering Team Lead
        pic:  20162017/michael

      - name: Alaa Ahmed
        pic:  20162017/alaa

      - name: Christopher Zhu
        pic:  20162017/chriszhu

      - name: Daniel Visca

      - name: David Wen
        pic:  20162017/david

      - name: Haider Nadeem
        pic:  20162017/haider

      - name: Kyle Kim
        pic:  20162017/kyle

      - name: Tim Cosby
        pic:  20162017/tim

  - name: Secretary & Admin
    people:
      - name: Theodor Ciausu
        role: Secretary & Admin Team Lead
        pic:  20162017/theo

      - name: Christopher Mckerracher
        pic:  20162017/chris

      - name: Mark Wang
        pic:  20162017/mark

      - name: Ryan Apilado
        pic:  20162017/ryan

      - name: Sarah Yu
        pic:  20162017/sarah

  - name: Social Events & Planning
    people:
      - name: Eric Snyder
        role: Social Events & Planning Team Lead
        pic:  20162017/eric

      - name: Jenna Choi
        pic:  20162017/jena

      - name: Rasagya Monga
        pic:  20162017/rasagya

      - name: Sharon Hogan
        pic:  20162017/sharon

      - name: Sina Ghaffari
        pic:  20162017/sina

      - name: Zhenyao She

  - name: Public Relations
    people:
      - name: Victoria Bukta
        role: Public Relations Team Lead
        pic:  20162017/vicky

      - name: Charles Huang

      - name: Cindy Wang
        pic:  20162017/cindy

      - name: Jedid Ahn
        pic:  20162017/jed

      - name: Justin Park
        pic:  20162017/justin

  - name: Executive Assistants
    people:
      - name: Allen Hsiao
        pic:  20162017/allen

      - name: George Oushalkas
        pic:  20162017/george

      - name: Jacob Reinertson
        pic:  20162017/jacob

      - name: Jonathan Webb
        pic:  20162017/jon

- year: 2015 - 2016
  teams:
  - name: Executive team
    people:
    - name:  Amanda Bell
      role:  President
      email: amandaj.bell@mail.utoronto.ca
      pic:   20152016/amanda

    - name:  Ivan Zhang
      role:  Vice President
      email: zhilin.zhang@mail.utoronto.ca
      pic:   20152016/ivan

    - name:  Adam Gordon
      role:  Treasurer
      email: ag@adamgordon.ca
      pic:   20152016/adam

- year: 2014 - 2015
  teams:
  - name: Executive team
    people:
    - name:  Jonathan Webb
      role:  President
      email: jwebb@cssu.ca
      pic:   20142015/jon

    - name:  Nicholas Goh
      role:  Vice President
      email: nicholas.goh@mail.utoronto.ca
      pic:   20142015/nick

    - name:  Jason Harrison
      role:  Treasurer
      email: jason_harrison@live.ca
      pic:   20142015/jason

  - name: Senior team
    people:
    - name:  Chris Long
      role:  Sr. Social Director
      email: chris.long@mail.utoronto.ca
      pic:   20142015/chris

    - name:  Zoe Song
      role:  Sr. Social Assistant
      email: zoe.song@mail.utoronto.ca
      pic:   20142015/zoe

    - name:  Wenting Pan
      role:  Sr. Social Assistant
      email: wenting.pan@mail.utoronto.ca
      pic:   20142015/wenting

    - name:  Amanda Bell
      role:  Sr. Social Assistant
      email: amandaj.bell@mail.utoronto.ca
      pic:   20142015/amanda

    - name:  Matt Kim
      role:  Sr. External Liaison
      email: mtt.kim@mail.utoronto.ca
      pic:   20142015/matt

    - name:  Taher Jafferjee
      role:  Sr. External Liaison
      email: taher.jafferjee@mail.utoronto.ca
      pic:   20142015/taher

    - name:  Ehsan Ghandhari
      role:  Sr. Internal Liaison
      email: ehs.ghan@gmail.com
      pic:   20142015/ehsan

    - name:  Francesco Gramano
      role:  Sr. Internal Liaison
      email: fran.gramano@mail.utoronto.ca
      pic:   20142015/fran

    - name:  Eugene Cheung
      role:  Sr. Graphic Designer
      email: ey.cheung@mail.utoronto.ca
      pic:   20142015/eugene

    - name:  Spencer Elliott
      role:  Sr. Webmaster
      email: me@elliottsj.com
      pic:   20142015/spencer

    - name:  Alexander Biggs
      role:  Sr. Academic Consultant
      email: alexanderkbiggs@gmail.com
      pic:   20142015/biggs

    - name:  Abrar Hussain
      role:  Sr. First Year Liaison
      email: abrar.a.hussain@gmail.com
      pic:   20142015/abrar

    - name:  Binuri Walpitagamage
      role:  Sr. First Year Liaison
      email: binuri.walpitagamage@mail.utoronto.ca
      pic:   20142015/binuri

    - name:  Victoria Bukta
      role:  Sr. Office Administrator
      email: victoria.bukta@mail.utoronto.ca
      pic:   20142015/vicky

    - name:  Theodor Ciausu
      role:  Sr. Office Administrator
      email: theodor.ciausu@mail.utoronto.ca
      pic:   20142015/theo

    - name:  Fiona Leung
      role:  Secretary
      email: fionaw.leung@mail.utoronto.ca
      pic:   20142015/fiona

  - name: Junior team
    people:
    - name:  Adam Gordon
      role:  Executive Assistant
      email: ag@adamgordon.ca
      pic:   20142015/adam

    - name:  Felipe Vicencio-Heap
      role:  Jr. Internal Liaison
      email: felipe.estevan@gmail.com
      pic:   20142015/felipe

    - name:  Amrutha Krishnan
      role:  Jr. Graphic Designer
      email: amrutha.krishnan@mail.utoronto.ca
      pic:   20142015/amrutha

    - name:  Eric Bannatyne
      role:  Jr. Webmaster
      email: eric.bannatyne@mail.utoronto.ca
      pic:   20142015/eric

    - name:  Maxwell Huang-Hobbs
      role:  Jr. Academic Consultant
      email: maxwell.huang.hobbs@mail.utoronto.ca
      pic:   20142015/max

    - name:  Hanchen Wang
      role:  Jr. Academic Consultant
      email: president@cssu.ca
      pic:   20142015/hanchen

    - name:  Thanasi Karachotzitis
      role:  Jr. Academic Consultant
      email: thanasi.karachotzitis@mail.utoronto.ca
      pic:   20142015/thanasi

    - name:  Peter Lu
      role:  Jr. Office Administrator
      email: peterlu94@gmail.com
      pic:   20142015/peter

    - name:  Martin Petkov
      role:  Jr. Office Administrator
      email: martin.petkov@mail.utoronto.ca
      pic:   20142015/martin

    - name:  Milind Shah
      role:  Jr. Office Administrator
      email: milind.shah@mail.utoronto.ca
      pic:   20142015/miland

    - name:  Ryan Fan
      role:  Jr. Office Administrator
      email: ryan.fan@mail.utoronto.ca
      pic:   20142015/ryan

    - name:  Christina Chen
      role:  Jr. Social Assistant
      email: xtina.chen@mail.utoronto.ca
      pic:   20142015/christina

    - name:  Alec Brunelle
      role:  Jr. Social Assistant
      email: moteygo@gmail.com
      pic:   20142015/alec

    - name:  Sharon Hogan
      role:  Jr. Social Assistant
      email: sharon.hogan@mail.utoronto.ca
      pic:   20142015/sharon

    - name:  Xin Ran (Cindy) Wu
      role:  Jr. Social Assistant
      email: xinr.wu@mail.utoronto.ca
      pic:   20142015/cindy

    - name:  David London
      role:  Jr. Social Assistant
      email: dave.london94@gmail.com
      pic:   20142015/david

    - name:  Xi (Zoe) Wang
      role:  Jr. Social Assistant
      email: zoexi.wang@mail.utoronto.ca
      pic:   20142015/zoewang

    - name:  Steffi Choi
      role:  Jr. Social Assistant
      email: steffi.choi@mail.utoronto.ca
      pic:   20142015/steffi

    - name:  Ben Shaft
      role:  Jr. Social Assistant
      email: ben.shaft@mail.utoronto.ca
      pic:   20142015/ben

    - name:  Anam Alvi
      role:  First Year Representative
      email: anam.alvi@mail.utoronto.ca
      pic:   20142015/anam

    - name:  Hayley Lin
      role:  First Year Representative
      email: hayley.lin@mail.utoronto.ca
      pic:   20142015/hayley

    - name:  Ivan Zhang
      role:  First Year Representative
      email: zhilin.zhang@mail.utoronto.ca
      pic:   20142015/ivan

    - name:  Qasim Iqbal
      role:  First Year Representative
      email: q.iqbal@mail.utoronto.ca
      pic:   20142015/qasim

  - name: Media team
    people:
    - name:  Allen Zhang
      role:  Photographer and Videographer
      email: yuze.zhang@mail.utoronto.ca
      pic:   20142015/yuze

    - name:  Blaise Calaycay
      role:  Photographer and Videographer
      email: blaise.calaycay@mail.utoronto.ca
      pic:   20142015/blaze
